<?xml version="1.0" encoding="UTF-8" standalone="yes"?>
<addon id="repository.boxski"
        name="Boxski Add-on repository"
        version="1.0.0"
        provider-name="Boxski">
    <extension point="xbmc.addon.repository"
        name="Boxski Add-on repository">
		<info>https://cdn.rawgit.com/specialk001/boxski-repo/master/addons.xml</info>
		<checksum>https://cdn.rawgit.com/specialk001/boxski-repo/master/addons.xml.md5</checksum>
		<datadir zip="true">https://cdn.rawgit.com/specialk001/boxski-repo/blob/master/</datadir>
    </extension>
    <extension point="xbmc.addon.metadata">
		<summary>Install Add-ons from Boxski</summary>
		<description>Download and install add-ons from Boxski repository</description>
		<disclaimer></disclaimer>
        <license>GPL</license> 
		<platform>all</platform>
		<noicon>false</noicon> 
		<nofanart>false</nofanart> 
    </extension>
</addon>